{
  "id": "3290617",
  "name": "小程序-自主管理平台",
  "font_family": "iconfont",
  "css_prefix_text": "icon-",
  "description": "用于小程序",
  "glyphs": [
    {
      "icon_id": "30457318",
      "name": "电流信息",
      "font_class": "dianliuxinxi1",
      "unicode": "e663",
      "unicode_decimal": 58979
    },
    {
      "icon_id": "30457319",
      "name": "电压信息",
      "font_class": "dianyaxinxi1",
      "unicode": "e664",
      "unicode_decimal": 58980
    },
    {
      "icon_id": "30457320",
      "name": "勾",
      "font_class": "gou",
      "unicode": "e665",
      "unicode_decimal": 58981
    },
    {
      "icon_id": "30457321",
      "name": "发电量",
      "font_class": "fadianliang1",
      "unicode": "e666",
      "unicode_decimal": 58982
    },
    {
      "icon_id": "30457322",
      "name": "减排效益",
      "font_class": "jianpaixiaoyi1",
      "unicode": "e667",
      "unicode_decimal": 58983
    },
    {
      "icon_id": "30457323",
      "name": "完成",
      "font_class": "wancheng",
      "unicode": "e668",
      "unicode_decimal": 58984
    },
    {
      "icon_id": "30457324",
      "name": "功率",
      "font_class": "gongshuai1",
      "unicode": "e669",
      "unicode_decimal": 58985
    },
    {
      "icon_id": "30457325",
      "name": "内部环境",
      "font_class": "neibuhuanjing",
      "unicode": "e66a",
      "unicode_decimal": 58986
    },
    {
      "icon_id": "29714880",
      "name": "功率",
      "font_class": "gongshuai",
      "unicode": "e660",
      "unicode_decimal": 58976
    },
    {
      "icon_id": "29714881",
      "name": "内部温度",
      "font_class": "neibuwendu",
      "unicode": "e661",
      "unicode_decimal": 58977
    },
    {
      "icon_id": "29714882",
      "name": "减排效益",
      "font_class": "jianpaixiaoyi",
      "unicode": "e662",
      "unicode_decimal": 58978
    },
    {
      "icon_id": "29708534",
      "name": "累计收益",
      "font_class": "leijishouyi",
      "unicode": "e65b",
      "unicode_decimal": 58971
    },
    {
      "icon_id": "29708535",
      "name": "下拉 Icon",
      "font_class": "a-xialaIcon",
      "unicode": "e65c",
      "unicode_decimal": 58972
    },
    {
      "icon_id": "29708536",
      "name": "选择时间",
      "font_class": "xuanzeshijian",
      "unicode": "e65d",
      "unicode_decimal": 58973
    },
    {
      "icon_id": "29708537",
      "name": "累计发电",
      "font_class": "leijifadian",
      "unicode": "e65e",
      "unicode_decimal": 58974
    },
    {
      "icon_id": "29708538",
      "name": "总功率",
      "font_class": "zonggongshuai",
      "unicode": "e65f",
      "unicode_decimal": 58975
    },
    {
      "icon_id": "29701796",
      "name": "电流信息",
      "font_class": "dianliuxinxi",
      "unicode": "e658",
      "unicode_decimal": 58968
    },
    {
      "icon_id": "29701797",
      "name": "电压信息",
      "font_class": "dianyaxinxi",
      "unicode": "e659",
      "unicode_decimal": 58969
    },
    {
      "icon_id": "29701798",
      "name": "发电量",
      "font_class": "fadianliang",
      "unicode": "e65a",
      "unicode_decimal": 58970
    },
    {
      "icon_id": "29512943",
      "name": "眼睛_显示_o",
      "font_class": "yanjing_xianshi_o",
      "unicode": "e652",
      "unicode_decimal": 58962
    },
    {
      "icon_id": "29512944",
      "name": "联系我们",
      "font_class": "lianxiwomen",
      "unicode": "e653",
      "unicode_decimal": 58963
    },
    {
      "icon_id": "29512945",
      "name": "修改登录密码",
      "font_class": "xiugaidenglumima",
      "unicode": "e654",
      "unicode_decimal": 58964
    },
    {
      "icon_id": "29512946",
      "name": "关于润智",
      "font_class": "guanyurunzhi",
      "unicode": "e655",
      "unicode_decimal": 58965
    },
    {
      "icon_id": "29512947",
      "name": "眼睛_隐藏_o",
      "font_class": "yanjing_yincang_o1",
      "unicode": "e656",
      "unicode_decimal": 58966
    },
    {
      "icon_id": "29512948",
      "name": "隐私政策",
      "font_class": "yinsizhengce",
      "unicode": "e657",
      "unicode_decimal": 58967
    },
    {
      "icon_id": "29422469",
      "name": "用户退出",
      "font_class": "yonghutuichu",
      "unicode": "e651",
      "unicode_decimal": 58961
    },
    {
      "icon_id": "29206812",
      "name": "返回功能",
      "font_class": "fanhuigongneng",
      "unicode": "e64f",
      "unicode_decimal": 58959
    },
    {
      "icon_id": "29206813",
      "name": "首页功能",
      "font_class": "shouyegongneng",
      "unicode": "e650",
      "unicode_decimal": 58960
    },
    {
      "icon_id": "29187344",
      "name": "已修提醒",
      "font_class": "yixiutixing",
      "unicode": "e64d",
      "unicode_decimal": 58957
    },
    {
      "icon_id": "29187345",
      "name": "未修提醒",
      "font_class": "weixiutixing",
      "unicode": "e64e",
      "unicode_decimal": 58958
    },
    {
      "icon_id": "29117906",
      "name": "眼睛_隐藏_o",
      "font_class": "yanjing_yincang_o",
      "unicode": "e63d",
      "unicode_decimal": 58941
    },
    {
      "icon_id": "29117907",
      "name": "用户名密码",
      "font_class": "yonghumingmima",
      "unicode": "e64c",
      "unicode_decimal": 58956
    },
    {
      "icon_id": "29101807",
      "name": "我的-默认",
      "font_class": "wode-moren",
      "unicode": "e63a",
      "unicode_decimal": 58938
    },
    {
      "icon_id": "29100948",
      "name": "用户名登录",
      "font_class": "yonghumingdenglu",
      "unicode": "e644",
      "unicode_decimal": 58948
    },
    {
      "icon_id": "28647811",
      "name": "选中",
      "font_class": "xuanzhong",
      "unicode": "e64a",
      "unicode_decimal": 58954
    },
    {
      "icon_id": "28647812",
      "name": "默认",
      "font_class": "moren",
      "unicode": "e64b",
      "unicode_decimal": 58955
    },
    {
      "icon_id": "28622238",
      "name": "首页-选中",
      "font_class": "shouye-xuanzhong",
      "unicode": "e630",
      "unicode_decimal": 58928
    },
    {
      "icon_id": "28622239",
      "name": "信封,信息,消息",
      "font_class": "a-xinfengxinxixiaoxi",
      "unicode": "e631",
      "unicode_decimal": 58929
    },
    {
      "icon_id": "28622240",
      "name": "业主电话",
      "font_class": "yezhudianhua",
      "unicode": "e632",
      "unicode_decimal": 58930
    },
    {
      "icon_id": "28622241",
      "name": "出资方式",
      "font_class": "chuzifangshi",
      "unicode": "e633",
      "unicode_decimal": 58931
    },
    {
      "icon_id": "28622242",
      "name": "验证码",
      "font_class": "yanzhengma",
      "unicode": "e634",
      "unicode_decimal": 58932
    },
    {
      "icon_id": "28622243",
      "name": "常见问题",
      "font_class": "changjianwenti",
      "unicode": "e635",
      "unicode_decimal": 58933
    },
    {
      "icon_id": "28622244",
      "name": "首页-默认",
      "font_class": "shouye-moren",
      "unicode": "e636",
      "unicode_decimal": 58934
    },
    {
      "icon_id": "28622245",
      "name": "输入错误",
      "font_class": "shurucuowu",
      "unicode": "e637",
      "unicode_decimal": 58935
    },
    {
      "icon_id": "28622246",
      "name": "项目地址",
      "font_class": "xiangmudizhi",
      "unicode": "e638",
      "unicode_decimal": 58936
    },
    {
      "icon_id": "28622247",
      "name": "业主姓名",
      "font_class": "yezhuxingming",
      "unicode": "e639",
      "unicode_decimal": 58937
    },
    {
      "icon_id": "28622249",
      "name": "输入正确",
      "font_class": "shuruzhengque",
      "unicode": "e63b",
      "unicode_decimal": 58939
    },
    {
      "icon_id": "28622250",
      "name": "典型案例",
      "font_class": "dianxinganli",
      "unicode": "e63c",
      "unicode_decimal": 58940
    },
    {
      "icon_id": "28622252",
      "name": "用户名-验证码",
      "font_class": "yonghuming-yanzhengma",
      "unicode": "e63e",
      "unicode_decimal": 58942
    },
    {
      "icon_id": "28622253",
      "name": "资产-选中",
      "font_class": "zichan-xuanzhong",
      "unicode": "e63f",
      "unicode_decimal": 58943
    },
    {
      "icon_id": "28622254",
      "name": "开发流程",
      "font_class": "kaifaliucheng",
      "unicode": "e640",
      "unicode_decimal": 58944
    },
    {
      "icon_id": "28622255",
      "name": "微信",
      "font_class": "weixin",
      "unicode": "e641",
      "unicode_decimal": 58945
    },
    {
      "icon_id": "28622256",
      "name": "联系人",
      "font_class": "lianxiren",
      "unicode": "e642",
      "unicode_decimal": 58946
    },
    {
      "icon_id": "28622257",
      "name": "项目名称",
      "font_class": "xiangmumingcheng",
      "unicode": "e643",
      "unicode_decimal": 58947
    },
    {
      "icon_id": "28622259",
      "name": "用户名-手机号",
      "font_class": "yonghuming-shoujihao",
      "unicode": "e645",
      "unicode_decimal": 58949
    },
    {
      "icon_id": "28622260",
      "name": "电站类型",
      "font_class": "dianzhanleixing",
      "unicode": "e646",
      "unicode_decimal": 58950
    },
    {
      "icon_id": "28622261",
      "name": "我的-选中",
      "font_class": "wode-xuanzhong",
      "unicode": "e647",
      "unicode_decimal": 58951
    },
    {
      "icon_id": "28622262",
      "name": "联系人电话",
      "font_class": "lianxirendianhua",
      "unicode": "e648",
      "unicode_decimal": 58952
    },
    {
      "icon_id": "28622263",
      "name": "必填项",
      "font_class": "bitianxiang",
      "unicode": "e649",
      "unicode_decimal": 58953
    }
  ]
}
